<?xml version="1.0" encoding="UTF-8"?>
<project-private xmlns="http://www.netbeans.org/ns/project-private/1">
    <editor-bookmarks xmlns="http://www.netbeans.org/ns/editor-bookmarks/2" lastBookmarkId="0"/>
    <open-files xmlns="http://www.netbeans.org/ns/projectui-open-files/2">
        <group>
            <file>file:/C:/Users/SY/Desktop/Cours%20java/ServletJSP/src/java/beans/Inscrire.java</file>
            <file>file:/C:/Users/SY/Desktop/Cours%20java/ServletJSP/web/Page/login.jsp</file>
            <file>file:/C:/Users/SY/Desktop/Cours%20java/ServletJSP/web/css/style2.css</file>
            <file>file:/C:/Users/SY/Desktop/Cours%20java/ServletJSP/src/java/servlet/MonServlet.java</file>
            <file>file:/C:/Users/SY/Desktop/Cours%20java/ServletJSP/src/java/servlet/MonServlet2.java</file>
            <file>file:/C:/Users/SY/Desktop/Cours%20java/ServletJSP/web/css/style.css</file>
            <file>file:/C:/Users/SY/Desktop/Cours%20java/ServletJSP/web/Page/inscrire.jsp</file>
            <file>file:/C:/Users/SY/Desktop/Cours%20java/ServletJSP/web/Page/accueil.jsp</file>
        </group>
    </open-files>
</project-private>
